slug	ext	sha256	kind	shared_with_count	path
2020-4b4f-83fe	jpg	1ac9119738eeab6c5c10c4aa3133b569ad918eb3990e53bb44f695e883ff1c98	custom(unique)	1	content/post/2020-4b4f-83fe/cover.jpg
2024-8776-0378	jpg	353c3d32ab0f534124487dada5dcfe5d9a0624719bcb5d08e64af3fa7dc5e2c7	custom(unique)	1	content/post/2024-8776-0378/cover.jpg
2021-4317-c611	jpg	44180036e92274beacf49ba96470f74a255929e21793965c2f16b76afec9bd3b	custom(unique)	1	content/post/2021-4317-c611/cover.jpg
2024-cf97-098e	jpg	48bf06f4b4ca7fab8c984d4b24238c0fb2d554664b744996f2f67f90e4b2b94b	custom(unique)	1	content/post/2024-cf97-098e/cover.jpg
2024-3ec3-22af	jpg	56d7d05133f02c9d4be315f8b1633e4f7565da052c45c9bb1ba4d3fe0873ff10	custom(unique)	1	content/post/2024-3ec3-22af/cover.jpg
2021-b683-9118	jpg	7453cdb3eba44bb068749fa58384ba2ab6866b0cc2286eeabc49685282275091	custom(unique)	1	content/post/2021-b683-9118/cover.jpg
2024-b55f-0ad0	jpg	9739c976cad05a4a87ebd4152c46c873e17142b45f73338f8df0cbb5b87be35e	custom(unique)	1	content/post/2024-b55f-0ad0/cover.jpg
2024-25cb-9aad	jpg	aa702ce0611575bab1b2d3da557f4ef064d477698c672aa35504d39dcc6748d4	custom(unique)	1	content/post/2024-25cb-9aad/cover.jpg
2010-ae11-dbbf	jpg	ca1a8cb698ecd2aad34784c8206aa61b6f99cf299c8f7492c974e3125dea614a	custom(unique)	1	content/post/2010-ae11-dbbf/cover.jpg
2020-64ac-ab0e	jpg	e95dca7d64b57c334147e88395fb543cee3c402e86df4baa29399c40530c0726	custom(unique)	1	content/post/2020-64ac-ab0e/cover.jpg
2010-4ca5-ca76	jpg	f4ec9d152dbdd09b5ab32b0eb5f02a5cf3c93c4c0fd6ccb494fb07e896676257	custom(unique)	1	content/post/2010-4ca5-ca76/cover.jpg
2024-0f97-7524	jpg	3cd767d0f30ffe3ea412b721e47184885bfe94a75b27c1596b74485794906765	shared(seasonal_or_default?)	2	content/post/2024-0f97-7524/cover.jpg
2024-460b-9889	jpg	3cd767d0f30ffe3ea412b721e47184885bfe94a75b27c1596b74485794906765	shared(seasonal_or_default?)	2	content/post/2024-460b-9889/cover.jpg
2010-3bdc-01ca	jpg	5b8c865101595706d61db55888983c79f24993e5b474a1cb7a31b7791ee79c3e	shared(seasonal_or_default?)	7	content/post/2010-3bdc-01ca/cover.jpg
2010-ceb7-ee44	jpg	5b8c865101595706d61db55888983c79f24993e5b474a1cb7a31b7791ee79c3e	shared(seasonal_or_default?)	7	content/post/2010-ceb7-ee44/cover.jpg
2015-92a5-278e	jpg	5b8c865101595706d61db55888983c79f24993e5b474a1cb7a31b7791ee79c3e	shared(seasonal_or_default?)	7	content/post/2015-92a5-278e/cover.jpg
2015-984a-97f1	jpg	5b8c865101595706d61db55888983c79f24993e5b474a1cb7a31b7791ee79c3e	shared(seasonal_or_default?)	7	content/post/2015-984a-97f1/cover.jpg
2021-ae45-5638	jpg	5b8c865101595706d61db55888983c79f24993e5b474a1cb7a31b7791ee79c3e	shared(seasonal_or_default?)	7	content/post/2021-ae45-5638/cover.jpg
2023-76f0-5099	jpg	5b8c865101595706d61db55888983c79f24993e5b474a1cb7a31b7791ee79c3e	shared(seasonal_or_default?)	7	content/post/2023-76f0-5099/cover.jpg
2024-abf9-45ae	jpg	5b8c865101595706d61db55888983c79f24993e5b474a1cb7a31b7791ee79c3e	shared(seasonal_or_default?)	7	content/post/2024-abf9-45ae/cover.jpg
2010-ad26-26d8	jpg	c4a9dfc898b9b6ac74867bc5f3d881df02ff3e926eac24e3f891ca04277516cf	shared(seasonal_or_default?)	7	content/post/2010-ad26-26d8/cover.jpg
2010-bba0-bea3	jpg	c4a9dfc898b9b6ac74867bc5f3d881df02ff3e926eac24e3f891ca04277516cf	shared(seasonal_or_default?)	7	content/post/2010-bba0-bea3/cover.jpg
2010-f5af-e341	jpg	c4a9dfc898b9b6ac74867bc5f3d881df02ff3e926eac24e3f891ca04277516cf	shared(seasonal_or_default?)	7	content/post/2010-f5af-e341/cover.jpg
2016-d5bf-eafd	jpg	c4a9dfc898b9b6ac74867bc5f3d881df02ff3e926eac24e3f891ca04277516cf	shared(seasonal_or_default?)	7	content/post/2016-d5bf-eafd/cover.jpg
2016-fbf9-cc8d	jpg	c4a9dfc898b9b6ac74867bc5f3d881df02ff3e926eac24e3f891ca04277516cf	shared(seasonal_or_default?)	7	content/post/2016-fbf9-cc8d/cover.jpg
2021-3072-328a	jpg	c4a9dfc898b9b6ac74867bc5f3d881df02ff3e926eac24e3f891ca04277516cf	shared(seasonal_or_default?)	7	content/post/2021-3072-328a/cover.jpg
2024-1095-1010	jpg	c4a9dfc898b9b6ac74867bc5f3d881df02ff3e926eac24e3f891ca04277516cf	shared(seasonal_or_default?)	7	content/post/2024-1095-1010/cover.jpg
1508CDB9-FF8C-4BEF-82CE-0609BA5E6CAB	jpg	f520505d32177760c2e6d78fdbb2e03523a222bccc6b79cf03a8e773afa73476	shared(seasonal_or_default?)	23	content/post/1508CDB9-FF8C-4BEF-82CE-0609BA5E6CAB/cover.jpg
2009-7fbf-eb10	jpg	f520505d32177760c2e6d78fdbb2e03523a222bccc6b79cf03a8e773afa73476	shared(seasonal_or_default?)	23	content/post/2009-7fbf-eb10/cover.jpg
2009-7fbf-eb12	jpg	f520505d32177760c2e6d78fdbb2e03523a222bccc6b79cf03a8e773afa73476	shared(seasonal_or_default?)	23	content/post/2009-7fbf-eb12/cover.jpg
2010-1620-4255	jpg	f520505d32177760c2e6d78fdbb2e03523a222bccc6b79cf03a8e773afa73476	shared(seasonal_or_default?)	23	content/post/2010-1620-4255/cover.jpg
2010-3be9-c756	jpg	f520505d32177760c2e6d78fdbb2e03523a222bccc6b79cf03a8e773afa73476	shared(seasonal_or_default?)	23	content/post/2010-3be9-c756/cover.jpg
2010-e6dc-e8c7	jpg	f520505d32177760c2e6d78fdbb2e03523a222bccc6b79cf03a8e773afa73476	shared(seasonal_or_default?)	23	content/post/2010-e6dc-e8c7/cover.jpg
2024-036f-d136	jpg	f520505d32177760c2e6d78fdbb2e03523a222bccc6b79cf03a8e773afa73476	shared(seasonal_or_default?)	23	content/post/2024-036f-d136/cover.jpg
2024-1096-ac4f	jpg	f520505d32177760c2e6d78fdbb2e03523a222bccc6b79cf03a8e773afa73476	shared(seasonal_or_default?)	23	content/post/2024-1096-ac4f/cover.jpg
2024-32af-0903	jpg	f520505d32177760c2e6d78fdbb2e03523a222bccc6b79cf03a8e773afa73476	shared(seasonal_or_default?)	23	content/post/2024-32af-0903/cover.jpg
2024-af41-3f35	jpg	f520505d32177760c2e6d78fdbb2e03523a222bccc6b79cf03a8e773afa73476	shared(seasonal_or_default?)	23	content/post/2024-af41-3f35/cover.jpg
2024-af4b-d2f0	jpg	f520505d32177760c2e6d78fdbb2e03523a222bccc6b79cf03a8e773afa73476	shared(seasonal_or_default?)	23	content/post/2024-af4b-d2f0/cover.jpg
24A95472-559B-4CCE-9452-414534CA2418	jpg	f520505d32177760c2e6d78fdbb2e03523a222bccc6b79cf03a8e773afa73476	shared(seasonal_or_default?)	23	content/post/24A95472-559B-4CCE-9452-414534CA2418/cover.jpg
2E498C3D-1D1E-4A15-A009-AC02D9BBF0C0	jpg	f520505d32177760c2e6d78fdbb2e03523a222bccc6b79cf03a8e773afa73476	shared(seasonal_or_default?)	23	content/post/2E498C3D-1D1E-4A15-A009-AC02D9BBF0C0/cover.jpg
3131D2A3-87C7-4448-8287-00D2639E784F	jpg	f520505d32177760c2e6d78fdbb2e03523a222bccc6b79cf03a8e773afa73476	shared(seasonal_or_default?)	23	content/post/3131D2A3-87C7-4448-8287-00D2639E784F/cover.jpg
3131D2A3-87C7-4448-8287-00D2639E784Fe	jpg	f520505d32177760c2e6d78fdbb2e03523a222bccc6b79cf03a8e773afa73476	shared(seasonal_or_default?)	23	content/post/3131D2A3-87C7-4448-8287-00D2639E784Fe/cover.jpg
31836D4D-E645-4ABF-B393-A429ECD8C835	jpg	f520505d32177760c2e6d78fdbb2e03523a222bccc6b79cf03a8e773afa73476	shared(seasonal_or_default?)	23	content/post/31836D4D-E645-4ABF-B393-A429ECD8C835/cover.jpg
35C2A8B0-80A0-432D-828D-43D7F0D70F02	jpg	f520505d32177760c2e6d78fdbb2e03523a222bccc6b79cf03a8e773afa73476	shared(seasonal_or_default?)	23	content/post/35C2A8B0-80A0-432D-828D-43D7F0D70F02/cover.jpg
626C0EF7-AA23-4120-9251-E01A0CF78C4A	jpg	f520505d32177760c2e6d78fdbb2e03523a222bccc6b79cf03a8e773afa73476	shared(seasonal_or_default?)	23	content/post/626C0EF7-AA23-4120-9251-E01A0CF78C4A/cover.jpg
8C8263C5-1E11-4D71-9257-57DE794305F2	jpg	f520505d32177760c2e6d78fdbb2e03523a222bccc6b79cf03a8e773afa73476	shared(seasonal_or_default?)	23	content/post/8C8263C5-1E11-4D71-9257-57DE794305F2/cover.jpg
9F01D74C-5C06-495F-A1AB-8949E9B41B9E	jpg	f520505d32177760c2e6d78fdbb2e03523a222bccc6b79cf03a8e773afa73476	shared(seasonal_or_default?)	23	content/post/9F01D74C-5C06-495F-A1AB-8949E9B41B9E/cover.jpg
ABCC7BC2-D99D-413A-8913-011B056D7CD7	jpg	f520505d32177760c2e6d78fdbb2e03523a222bccc6b79cf03a8e773afa73476	shared(seasonal_or_default?)	23	content/post/ABCC7BC2-D99D-413A-8913-011B056D7CD7/cover.jpg
E6CA9C0D-5053-42C0-92F6-742FC882AFF2	jpg	f520505d32177760c2e6d78fdbb2e03523a222bccc6b79cf03a8e773afa73476	shared(seasonal_or_default?)	23	content/post/E6CA9C0D-5053-42C0-92F6-742FC882AFF2/cover.jpg
E8771CC0-4C3E-40B6-A6BB-D2F1A157D323	jpg	f520505d32177760c2e6d78fdbb2e03523a222bccc6b79cf03a8e773afa73476	shared(seasonal_or_default?)	23	content/post/E8771CC0-4C3E-40B6-A6BB-D2F1A157D323/cover.jpg
